-- phpMyAdmin SQL Dump
-- version 4.7.4
-- https://www.phpmyadmin.net/
--
-- Host: 127.0.0.1
-- Generation Time: Dec 23, 2017 at 01:06 PM
-- Server version: 10.1.29-MariaDB
-- PHP Version: 7.2.0

SET SQL_MODE = "NO_AUTO_VALUE_ON_ZERO";
SET AUTOCOMMIT = 0;
START TRANSACTION;
SET time_zone = "+00:00";


/*!40101 SET @OLD_CHARACTER_SET_CLIENT=@@CHARACTER_SET_CLIENT */;
/*!40101 SET @OLD_CHARACTER_SET_RESULTS=@@CHARACTER_SET_RESULTS */;
/*!40101 SET @OLD_COLLATION_CONNECTION=@@COLLATION_CONNECTION */;
/*!40101 SET NAMES utf8mb4 */;

--
-- Database: `cbit`
--

-- --------------------------------------------------------

--
-- Table structure for table `admission`
--

CREATE TABLE `admission` (
  `AdminNo` int(20) NOT NULL,
  `RollNo` bigint(20) NOT NULL,
  `FirstName` varchar(50) NOT NULL,
  `LastName` varchar(50) NOT NULL,
  `FatherName` varchar(100) NOT NULL,
  `Phno` bigint(15) NOT NULL,
  `Address` varchar(500) NOT NULL,
  `Graduation` enum('BE','B.Tech','ME','M.Tech','MBA','MCA') NOT NULL,
  `Branch` enum('Biotech','Civil','Chemical','CSE','ECE','EEE','IT','MECH','PROD') NOT NULL,
  `Date of Joining` date NOT NULL,
  `FatherPhno` int(15) NOT NULL,
  `email` varchar(100) DEFAULT NULL,
  `Photo` longblob
) ENGINE=InnoDB DEFAULT CHARSET=latin1;

--
-- Dumping data for table `admission`
--

INSERT INTO `admission` (`AdminNo`, `RollNo`, `FirstName`, `LastName`, `FatherName`, `Phno`, `Address`, `Graduation`, `Branch`, `Date of Joining`, `FatherPhno`, `email`, `Photo`) VALUES
(1405244, 160114733094, 'Eshwar', 'Koka', 'Koka Ramesh', 8328140026, 'Secunderabad', 'BE', 'CSE', '0000-00-00', 54321, 'eshwar@gmail.com', 0xffd8ffe000104a46494600010100000100010000ffdb0084000303030303030404040405050505050707060607070b08090809080b110b0c0b0b0c0b110f120f0e0f120f1b151313151b1f1a191a1f26222226302d303e3e54010303030303030404040405050505050707060607070b08090809080b110b0c0b0b0c0b110f120f0e0f120f1b151313151b1f1a191a1f26222226302d303e3e54ffc000110801c2015e03012200021101031101ffc400a2000001040301010000000000000000000000010203040506070809100001030303030302030505060504030001000211030421051231064151071361227114328108234291a115245272b31625336282b11734b2c1d14344536373c2f1010101010003010100000000000000000000010203050604071100020202020300020103030500000000000102110321043105124113517122326114154224728191b1ffda000c03010002110311003f00eee6c6d5c185f45a60e0c268d36c038c51a795789691cf74cc4e4a5194527e9b661c48a4dfba0e9b664e2909ee42bce2123443625292298da9a558b892683723c94c6e95614c80698de733272b26403c9efc26931201fb14ff00c20d98ff00ecab11fc1cf69281a5d8447b527e492af8718f09a79994d04d94dda4e9db41f68cfdca68d1ec08c538c792afc9339ca7d338240ec96198b1a358b40fddfc7253bfb1b4e0081479f92b2246e4a01389e4f94063dda369c622809e7929dfd8da7e4ba83783dcabee04542d2418f090ed032732aa298e6e89a634ff00e5d9c79299fd81a4ef2e36cd93872caee870ce13dc438882a524c862c68fa6d3718b76851ff63696d793ec302cc3e04642ae70502b656feccd38b1a05bb2062612ff006369a1db8516fda15c1ba009c852824c49c2b60a5fd97a60740b6a73e612334dd3d9965bb33f0af6efa8a6365ca913457769b601c1df87a60f9da1482ced36e28d3c4c7d21484f94f040c7195123447fd9b6939a6ce38da959a7d9466da9e7cb429e7bca7077928922118d3ac067f0d4ff005684efc1dbe36d2a7e4fd214a1f829e0609fe4aaec8462d2d88cd264e301a14aeb6b62c2c149b0664c041fa62642098053b16ff4474ada831bb40067251ed31a3f28907c2948da13419ec51d9067b745c32d09c7dbda5b1013c81da785147de55a2a4253a6c61000910a46b1ad1f97ba8c083e14f80608f9e516997a43c406e025191951e323f904a1de67e12ec364e0b7095ae69c477510fcbc250566e9f48245963c011194e2e0ec0558bcb63995235de615abd9289261a41e4a8a5d271280f239cca7d305e5dcac765d9afb984006672958449c258c47c4a505a6616ec82b83770e121950b834111c1536ee271852b45fd09f982888181e7e52969cff005c7090fd5110a0fa2168941680272804fdc24150cc7c9216906870f297b78ca8cbb27c242f0ec052c12b5e00e7bf1e535cf68edc14c26781844ee295f422725bb546e2d700518da83e54fa503cf388c26b5f04e3109c64e4809824aac84eea8d706f3c6142438fd92021b884ae7c941541ba0824131f2a669871550d40a626320e3894a6071abc76e53b7c4c0fd5537384a94486abd11ab25920e5580e0d92471c85545563e41e7ca415080a5e816c5491faf086b87654c546ed2309c1c40f83c4224c232184f71303e15165620b415239c4caa86d975a496c084b00912555654830008185387878e3cac95ba12a98749cc2602e03b94a670535c1a002b69863daefa4a1a5b0a33105471c14325820c72652ee748955db26729fb8b7bf0922a64ee8231901c91e413829807ca9325cb28b63f718307ba56ba4c82a120c47709ed2411bb0a92f44c499095c70985c0ba6123835c0c29b454ed12cf2a4a6e01eec761dd5600f00900a6ef34813e48c28c229012d6c04d23b8f29e3706898184d027b764276440ed09e49824264fd49c5b0dc9caa8a360b609392a22ec94e260e4151c18282ec709046535ce3b8f729a44bb1f694e6e1c246632a14698267394bc884f2c519610465101df5913189481a40295ac84b90615b028fa84a7968e0151b4c360f329ee76d9c9423ec47bb6b673f78508a8204e094d7548fb90b45ea6eb2b4d02e6de93a1c5ef635cd382038c2819bc57ad4a8b1afa8e003aa0603f25521aada36eeb5abea35b5191b41c6e91d970aeaff0052fdabb7da5ab5c0dbdcb5dba70ec2e51aa7596a17fa8d3bc73ddeed123dbfb378128447aab5feb2d2ba72cadabddb807d674369724c729adeb8d1df7d52cdb714ea33f0e0cb4e65ebc577ba95f5f3854bcacface04ed97486ca6d0bdab4beba44b488fa818289bb07a33a87d4c1a5dd8a34c0a951ac3001dcd737c4f955e9facded5dd27bed8fb21f0f693920885e777dd54ab503dc773dc4e4f72535d70f81bb264723c27b067b6f49ebae9fd5c39ccbaa749cc6cbdb51c1a5a3f559aff68f4c754b7632bb2a0ad57db2586624482bc106eaab88cf030616474ed56eecae68d6a351ed2c32dc980470ad83df77353d86b1c07e67437e4ac2e93d4369a8eaafb063c0aada721a7996cee1fa42f31ea1ea9f525dd16b69d5345ac731f8ccba230b11a4f52ea5a775059ea949e2a56354927b935064184f62d2a3dbaf2c68329ed048913ce4ae5daf7580b6b2b17d5af4b7d47973beed196ad8fa53a9286b3676ed008aaea1ef5693c6f7400ad90dc76c891c1ca9d8401f27b2acc3b860184fcf89e547a04c4069282cfe5dd31a647d827cc05a4554378f94d196985246e129238e5069b2303e9c032ac160c7ca6402d3d8a7098690b2993a638b322089846d0098c0480c1065287349ca585b63f6cb66784d80e008809e5e18c10a26bf3f7e113b231c60372644852112d101425a1ed9c8ca7033895690e8918f0e804894c77d2d30e8c8ff00dd30e21457249a3331f537fec547d9a430ed2011dfc24c41ccf84332d884b313888f84a1640e00631294b826906414ec0950a0f70e1418528e1210435c4465084444b946400609c29071c7ea87b664842d8348208440719f951b49679e53f9e554463ff7643a410470a376d80534824823ca0131251a26c5fa80948f27691de105fb4491232568bd45d434ecf49d45e1c7df6d170a4c061fb9d8040f84d50b1957abedaeab8a140120ddbe98a83b0a632bcd1ea36a4fbed7ef036b7bcd0f6343c710d0220270d7ebdae916cda55eb0b863dd56a3f6c7d65dfd465691aaea86fef2a55f6db4cbb96852d363456ad5de5e1cf93000c9950beab9d51cf0071d95673dc60ce60a49c974fc1112a36c13b9e1dfff0089adab518f964004c240e8182654527325110b2fab96980001fcd2906a39c60907c0c0558b9ec811184da6f78321d1e44a5c7f40b2e6c180703b80a5a4e00e718f1ca88bdae31bb933c2731a778cc1dd83f0a366b45b76e2043b33fc878566839d4ea34b5f86e4cfc2c4fbe206441cc793e54ac7b8980ee4f745488d6cda750d56addd3a5efd7de44fd3d8085d07d3aebba5a1d1af46bb8b65ae7174725996b67c2e362a1da21dde477564fd14c7924e568ba3d3d47d61b670d3a9fb704bc9af53c31753e99ea1a3aed836f98e1b6a542d14cf2d85e13b6ae58e6ce44f2bb174575755d2ea59dbe5eca955c36819dc712144f7457547abc549903ca9893b27c9580d1355b4d4a9bbdaa81eff007082d9c80d59e200c2dd9121601320a739d91099907078088261084a00300a688dc2535a3684fefd954900748c2413b8843a7231ca1ceccf752b6ecb439c0c6523373872986a80722729cc70dc09023ee88cede8946d032547327984f738171801a09c04c7b4139c10852473b1f6f2a85f19b7cf1bdbff0062ae1df0d927e153befa6de4119a8deff05490648d05ad877291c402264c84dde481f64951c3ef2a2b64e8692471e51ba6028e4c091c9c14e0d320421ab0262476413247d931c44849ba0a680e9709046146e923184cf70c99278485cfcc95690b137130018253b0402a17012213c381eca14596818c14c7ba3394a066654758d2754a6ce1ef3044a01e6a82df12179e7d68ea1b6d2ebe936a299371bcd5351b821b1812baa37aaf467fe2cbaea9b7d87546e4f25832178d3aafa9abf55eaf52e5ecdb4dbf4d307c04234622aea3715c96490d738bb8ee551712d2d90467ce52b18591bddf9813b548d7cfd1060acb23420710f30041919f0958c76dc800ca7b5f150b7110d39feaa3ab5582bd46b4fd21d09b44a1e303893c29dbb5b5012061ca36d40c6ba2399509aee7d4712718ccc4a6e8a8bfbfdf2f710d120954e9b0fb6e07f36e10a3f70d26ba3888451acc0f21c70304fc22a2965f21ce6168112993b48c1cce558f71a2ab1cff00a9ae264f8dc9f74f655ab56a536ed6ef803e026ec2a2370641301430e0f819039093dc796bdad25b302793014ac05e31ddbc91015d228e0ec7027c4a47d5706c722460951bb2d3b4eef9985193968c1cf94217db51ce101db4059ba57352d9942a34b9ae2f26996988038216ae0919988cf32b2f46ad37967b8621a204e04a940ebfe9af506ab69ad53a36ec154d499dcfc63c95eb6a0f7be9b1ef003cb7ea03807c05e45f4b74d17faf55bcf7bdba761b48a5fe3270bd576b76caae25ae90aa2997da4fe89a0c84a374fdd332664f7c2d2744f83c870120f290d52d2d3012870daa2e4aa87c26dfb8f1ca0105e14325a60a7111c0851f62c47cb9f301380032119930425983ccad2441cc3242701ce4e78508dc0c8ec7053b792d83fa2bd1471719cf654753a819682013fbc6e39ec55d1b489c2c5eb2f7d2b26b99066b304131d8ac49ba05a24ecc1ec9877109dcb323b20b7ba86440370c1184d1bcf29412dcc250e2713dd3b2a184973a2093dd34f6f84ea867322544d04481c15a48a0e1b73f7c26eddc038e12c924cf64cdd021280821f88435c3bf253a37642000013e0ab43b2bd5b8a6cc38f630b9d75c7533347d02f352a0e97d1606348ed51c7685bc5edbd3ba6bc3dfb76e5b9ec5705f53740a769d0f52e68df572cb7ad4cbe93a1c09df0b2f486ece0bf8fbbb99a5ee430cce727b924f7958673db9f1951b2e43ea3bdb2eda5e627c247d1c39d247c4ac5e81155aa36f3f2004d73ea860ce049c18caace33b7041311c615b05a6944f1dfbe0fca27f5822154876e6e638f212547c89698e612864ff0014e7950911c08831829a0d19ba2695d5b0da06e801cd1c6e5558d7b9c5a00716f61de14166e7d956157b76f05649b0ca81ec3b4ee3faca5a08a2418048fd78fd2146d691968dceeeb2552ad37d20c88cc00addc696ca342bd661c527b43a3c39b32b2e4d15229569f7aa5218717b089e488ecacd37b68da56793356a38d3a40f61cb9cabd5f6ee2ad1acd3116a1a73396082ab557060613986c012312ad97d59768ba8d3a32e9989f81e1474ea1a8e99c378558d7df49edf9067edd93df569526eddc4968977ebd9149232ed195bbb3341b4ceff00cf4c38bbc4aaa28d6654a94e4981388c8550ea3efd26305471dad86acf596a56d498ea9b417369be91ef048c2bd3354cc1971920c00a6159cd7eefd142e0eab0f19c4c7809c0b05227878781f3056ba21bc74eea37b4cbc5bd47347bac2769c12dec57aa3a1356bdd4cb5d5abd176c2e0594f8ddf2578aa9dd54b7a82852ace60ad02a67b15ed5f4de9e9b4f46a6dd3acc5b537b5a5ce07739ee1c97153e9699d4dd3fc931b92908247d432546ee70b5a33a2c1c1e47290020c884c0e24e726141eeb9d3020210b846727ba612480a2350920c8485f382e255add97e12864b79ca689089994d385a554410bf39ca7b6a07102542e71e708c0c29df652c71f7958bd59cdfc27d4c0f02b37fec55f6d500466550d5eb0658b4911359bc09fe12b125a09b2e7e468ca7ee69132a22e3b04f64cdd8c6025302b8871e709e46e616c0cc19ef8550ba44a99b546015521d0beded033263b148d9981c8080fee7ba525be71d955634248009e1444eee1239ddb09a1ee200181cca530c9be96b13276ba26428d958cc3804cab5227fa42d0b48af721a603b2d320af3bfab62f6d7a7aee83ee036dcdcd276c2e875495e84b9687800bc877895c23d59b2a371a75fd575c54f6b4a6b1f518e81beb55fcad13e02c4859e53a75431cedc7777307c2c956b9a356c683322ab6649e0c2d6854a8e7173a67c4010acd17b9ec2e270d0733de571b2d22e3e0b01cf60331cab949e6a4b71041fd7e156a6c35dc4e64b78993f751b18fa2da8cde61ce8c72147a34926593b9b55a460465aa3701104ff005f2a1656730063801cabd6f4aa577619204124095c4e718db6e8e48e2b6a9593d26134f68fe2c1f00a89bbcbe2a7f04f7e415b1d1d32abade93c0da1cfd831f98f95b3dd746dc56b565c5bd13518d21af8e7ef0be5973b0dd7b1f52e0666ad44e6cf204827b46565a85feca75db5012dab4f6cf69881f7598d53a4ee6839955c1cd716c00e11bfb01f7585ab6a5a369896608f0555c9c73da9187c5cb07b898a697064b5a402d2084ea767775aa1689743491f68caddb48e9cbcd4853a4da59a8ec138c70bb4d8fa78e34c17d1631fec6da4089c8ee57cd9bc84713493b67d787c7cf2ede91e4c7934de5bf5083e32138bc44f712bbd754fa75735439f4a8369d507eb04407782171dbdd12fed1ee654a6ec920617d1c6e6e2cd1bf657fa3e6e4f0b2e17d5a30149cd688125dfc94b55eefadc374120e1435693adab39ae105a784e7d51b0b4ff00109c7c2fb949495a3e377174c9295cd56d27ec0d88fb0fd13c6a9fbcfc83710a0c540183c1fd5632e0ba9d4dd060fc656dbbd2660dc68dcdad5ad40ec9dd008e21cec027e17b37d31d3359d2693ec2e431d6db18ea359879c4c4af031d41ad6cb400e11b64785f457a6ab5cbb42d37dba2281a96940ff9658095515d51d0a4bb9edc0481de0442a36b54b29b23eaee5e55835b3202e55d18e89cb806a8c386d3e527becc8892134b9b3f7529994c587437012ed120a42eda0cf84d6bbe95aab41d921819e47952e08e72556dd27e250c7419e7e54512ab2c38081cf29a48848ca8d2489c7c84b22600846a8aac5003a080b05aed42cd35b008fef0dffd25671fff002f882b5bea5aa6969ed303370cff00d2e58a3466cb886b4f6850871244a91848a79238caaa5c038185a466ecb05e368044e523aaed7642ad0e1119ca0fdc7dd5dfecba2475477698519a8e7620850ba5b900949bb609e32a3f84262f8948daae71e3ca8fdd2731c1513eb6d395a15a323006dc654551cd6993e32ab7bf1c7eb84c2fdf928c03c02399f93caf2e7ae3aad1b7d2afacdee71ab71a851b8787183b58365385ea0a8e86e70bc95fb463a8baeb46db25ee6bf798e4330d5863b679d9d70c6b2449fa8094f66a4d6b4624c158fb90d630367764903caa6181e06dc881cae3ecd5336aa7a87ba5a5a5a1db638c2d8ed6855b9b6a9558dcb7b7995a4e9946b1ad4e85391eebc365c3024e4e17ad3a67a4695c12c6c329dab69b64012e7c2ea79dcd8f192facee383c29723fed48e15a3f4ceadabdff00b34edaa923eac83185ea4d03d3ad2edb4fa2dad487bf580ded1ffb05d7f42e97d3eda951d8c02a44bc8805c4f95bdd8e83429d4353db6bcef1048c81e02e8393cdcbc96a9faa477bc6f1f8f027f59e7067457b7760badcb28d17bddb43665742b4e97b4342d1b6f4c80d33b5c2376ef2bbd8d0adaedae755a0dc81022213a874bd8b0b5ce61711c670be5a93fa7db5be8e11a9f40b6fe9d0a5754d87db796d3da739ee561eafa2fa71ba2f66eaa03373c103995e9f668f6f4ddbe373a324a43694da6300159bc8bfe546d431bd3499c5343f4e68e915a8986b837f8e0131e216ee747b76b763a902d1c18cadcff0cd68000fe8a07526b4ae36e56db766d41552491a26afa15add5b914da0b9a3b8fa895cbb5ee87b0d46816d6a2c0441dcd193f0577ea941a67cad7f55b36d5a63ed38e5459278f71951c73c519aa68f9dfea474d3ed2f1f4e833780390df1995cb850706b64825c2607217b47d40d1a8bea7bc5bf4d42693dc070eec5790b5bb3b9b3d56ee86dc30c35cd183e085e97c67396582849ed1e73c9f0bd1fba463be9a2f200e1602f2e43ee1b04b761232117f5036a96cc1fb95867d47ef92d0e3898caeff1fad1e7e4bf666ed2932f6f6da807067bb558c0e230373a323c2fa53a569adb1b5b6b7f7eabfd8a34e949805db1a02f99b66586b502f7ed69aac2ff0020172fa5ba2b2e6ae956c1f2daad633738e4384608fbae58abec86c0cace612368030214f3204ccac7eda8327f432adb5f206470b90c3a6e87190e070470a532008fd42aee7bc637c2acf7bc1201eeb4889eccb35c0e0e499438e3990b13ef1ee7ba9db73d8a595596c3807481c1519a80b80103b2ab52a1749087c96b1c134525ab51c1c1a090224a9a9d5a9c9f2abb83cd30796a95af6f131f0564a8b26e3243a003dcad77a9a2ae9b4c6445cb71ff004959e78690de16add455db46c9a0b4902e0411fe52b2d20aba46c9ee114db0396f754dd508209247c251589a7f1f6e1547ba67390914ca4f55ed74104e3b810865510403fa154f7ba0ca7b1f82787157446d5d1397c823ba66ff00ab27070a224181290c903e025abd8a276eea8e891ce0a65714c03203f24471faa8bdcdaa17b89c195a5410edee660414f15777072a23b63c26fd21bcc99c28c133aaec13992bcd3fb4358d33a768da8baa306cbc7d0709c973c480df20775e9199301a011caf317ed4770d668dd3747bd3baaef747f06e608525d50ada3c9d73b5f576974b987c44c26d02c159acdb9131cf2b1e6e22902091f58535bdc56a550556c1764caf9b249c63b39b1c2e48f50fa47d296d717ff89bba26b5660fddb08fa44f75eccd1740b3b27bf63035d56a07bc01c95e7cf43ff1377a68b8734167d224f3b97a96c2817560e779c2f0dcecb2cbc895fc67b7e0e2863e3c125da36db0b5a74dad1b470b3f694c33004e5632dd836b621666800233faac463d1f53d1969881212c9c9184c63427b587257353a0adfd1371261445927e54ee184d33dc2e29c4a9d15dcd3caad5a8970c2bc62729a412d5c2d51aef66be41e0ac35ebf0470b63aec0320e7c15ae6a70d0e0395c130b6ce67ae59d1bea556daab269d50418c107b10b806bbd0767b1f4cb0fd52e91dcaf495f10241182b44d668b4b5ce19818f858c3967866bd64d173638648352567ce6ea22db6d5abd26c814aa106442c13aa92c1036cf1d815d23d4fd2458753dcbfda0da758cb4ae6864366998813057e81c2c9f938f09b76e8f09ccc4b1e79c2ab7a2de9d72ea97b6d49901d52a35a27899c73f2bea1f4e5dd57e8f63efd2f6ea7e1a9fbb4fbb1d1c2f95ac174eb8a2db7ff0088e734d391fc72beabdab1d42c2c69bdec7d5659d06d5a8d11bde1824aec63556cf85aaa326e320460285d53698fe4a20e8e09486a0dc67c2da7665a45892f6c1810a271dbf30903c11c93e3f451547c8240ccada332a44d2e800a61710efb8e65425e4bbba61700e39056912ecb7bea4e4e094f2790313f2aa973670e3109fee16b41cac04596d420413c7f443aa35d19ccaacf7b0169ddc951fb8c6f04982a229916567e42d6baa1d3a6d37081fde5a24ff94acad3aff56042c0f53dc6fd35ad23ff00ba69c7c30a490566c0eadbd845311f25522e3104912a79018144ea8d738434023c77854d5b2315371c297dcfca39514b77ce0612727242943b3202a6428b907f555b780709fb9d2b15b1d12171180254273b8ffed09ad7b81225465c4020f75b0481ff004ed393c4a1b004ff0030a26f394e1009ca05d926ec1f3de5710f5fb4676abe9dea2fa003ae29d6b7aee1dcd3b79dd0bb5130270162b5cd3adf53d1353b7ad43de0ed3eee19fe32693806ae36eca7cbb6fb66de901dce33c9597d36cea5eea36f6cd806a546b5919324c600eeb55b579a76e28bc10e654823fa47de5758f4aace95ff00a81d3d6d5c4b0deb6afdb60dcbe2e4bac537fa8b3b0e12bcb04d76cf797a69a21d1344a164e66ca94de4d591125771d3e96d602df2b9de9974c178e718873893f12b6eb5ea0d3295714bf10c739d386ba62178a5194e4e5f5b3d9fbc631491be5b8103be3959cb6020775a8d96b5a7557fb6daec078c91dd6e7a73e8d5dc19529b8b4c100830be88e297e8c3cb1fd994a423f3613e442b0290da08509193e42dfad1b8b4d0d841a7b94b13130a5023242c4a28b745275290a32ce30b225a20e0048f63044902561e2b43de8d7ae18e9968cc2d62fe9173492b39ad751689a2926eef28521e1cf0170cea2f5c3a3ac6eeb59d0b8657a80810d3333dc2c3e2ce4ba30f971819bd559b3e95a66a0d6d36992320f2b997527ac556a301b2d85c1934f74439a3c8e415afe97eb2d3d603696a7a6d4a23f2fbcc12cfbaf967c4944dc79509ae99a57ac1a150bcb41a83466861d9e7185e61acf634bb03fe0c73e4af6c753d951d5f47b963037656a7ba9ba641c701787351152debd5a2f6b43d8e7031fc25b85e93c34dfaca0e5d6d23cf796c7ed25348dbba0ba7b50d7fabf42b5b56b7eabc63cb9c4ed0291de67e30be99baa7becf75df9e25c3e7baf177eceba607eb775added0abf87b4a05b6f51a0ed351fcfdcc2f66fbecaec655a7963c485dfe1cf8f249c54936bb474797064c694a516a2fa6183307e504091384ea79064fca7ba1c3017d547011b5d061c7b61287348291ce6b8fd2145bb6388885a465a4586d40dc8242ad51992e0530b9d93d8a63aa7d24131e1532f5b44dda253dc37d3fa4198f2abc98694a1f930484a6916d8173b6f894843803b8c1c1829a6ae006850bdcef329f497a269dc656b5d4ae22c185a706e7ffeab64a5562012161fa84d21a6d397807f13e3fe55992b4376668543b7eaf0a332d833f294c399c242608c41fe8aab3690d6971c03b8c25305b9509ee7929e3c4e42a07327712139ce2e395113e0e538411958a03cbc9edd9309683278083b419e1309047094ec76486a3653240272134901a30305190a8e8940295f6cfba14eddb722ddd724b0553989481de65586d2a6ed4f4a0ffe0b6bcadff5001a1759e573cf071ae1a6dd1da78ac10e467a9ab49367cdcf567a0353f4ebaeefb49bbcb2b7f79b5acdc87d1a8665677d03b0b9bdf51ecaab1a7dbb1a35abbfe06d80bdbbfb447a68feb5f4fa85edb53dfa9e8b47dfb778197d3dbfbca4bcd5fb355a5bbaeb58b90dfae9d953de4f3351d0bacc9cdfc9c06df6a3eacece3c2fc7cd55a8dda3bb6b963ae6b9569d8593eb5bdb3a5d715a9c49c61b2b0143d3aea8a46b334ead5dee86ed0e25bba3912bb3595b8b67efda723264e550eaaf53d9d3744d3a54a8ef1b5a5f54f13c068e495d2e292476d921268e4571d23ea951a8d36765714b644cc10e77c41ecb08fd4bd4ed36e5cc7de5f59560497000b0380f982b60f54fadbd65e9ce95d33aada29e9967a85c0b4b6655680f79709de59d9ab8f56f527d6536f72ea9aee975d969756f49f4d858f7135e223c81395dc63c197d7aa5fe4eaa59a0a5dd9e8be8deb7f506dea53a77ba8dddc03106ab089f895e97d1ba8eeee996b5abcb64bc3867f45c36f744f537a36bdadbeb76f42bd33469b9b70d00b0923891c15b858f523e80651bab47d37878772232badc92f49c94934ced307f5c54a2ed1e83b4bd15c059035db0b51d1aafbf458f61c39a21676a070699ec32b85e447d2e2f461fa8b5ca9a6dad4753e40c2f30759f5cf5ed5aeea5a7df7b4c734383e98076fc195d6badf597d07329319332b86dedb6bb5dc76d2f6bde716d1601baa5427b302e359d5d2332c4e4713d4fa33ac3a96e8dd6a9a8b9edadfc7755e040f85b5f4bfa51d0cc35eaeafd5549cea2d6feead88e1f8cb9cb7ef53bd02d4f46f46ba8bab751d4ee6e752b4b6654a766248a60bc03247700af14d95bf49bec75968d63527ded3b6a26c1a28ed15aa387ef03fc06aeea18f2cf1a737eb6b48e8a7962b24943752a67bc74af49fd36228d4b6d40df1649a6d7bdbdf3957751e85d12d2916912ce194a30c5a66a1e916b3a57a73d31aee8fa8547dd5d6996b5ee6c2ac5376e2d9229bc2b5d1fad6b1aad86dbc75573d951cc68a99a8037b3974fcc8cf0ce9fd4769c450cb8bd921834065314edb8a0dacd70139007217847d4cd36a5af5df505b31a1805f3fe91c0df90be8fd7b5753a1b9ede3baf16fa99a051bcf59d96b58eda3a8d4b1355f398261c573f8bcae3926dbea0ce2e6e24e11fe51ebcf4fb41ff0066fd2ad034ea4d06e6eec5a5d508fcafaa0ba164ba7deeafa2dbb9e087b0963ffccd30574aea4a562db3b5a5654b650b37d02c68c7d0c10172fe99c69f7aedfb995752b97d3ff217616bc565c8fc9a777eedd9bf27861fed724d24e34d19d7ee1c14e0e231384070cc84d69c9c15ee6078711dba2426127b271f31f0530101a216b661f644f066729b25dc912a5305b9248951492498095becbec98e6261192420be271c1994c7546901c46495aec36367260fea9b2903be949b8131395021bbfeac8581ea4acc3a751c007f1066731f4f0b365a56b9d434856d3e8cc18b83cf1f9561d96e8dd19bcf7266710abc4939e54a370c877e8a2320c2d2e8b5bec63b9cc7c84c2003fa253d8794dc9894a324864c41fe89e546300f74f82008466904ee330783851346394f392121001c10b24dd862250278ec940907ca0e73c942d8e2e0d38c2cad1a6e73ec2ab72fa4f7d17b7cb6bfff0005629809771c1593a355d4aa0dbdc8fe8642ebbc9e079f8d24bfe3b3b3f15c95c7e52bea5a373ea5ea1b6d3b4cbcb67b3dd2fa6ea269030e9734b70bc53fb38696fb41d5b4dec78ab4ee685bb819041638af54f51fb07ad345ab72436daf6b53dcf3c34ae79d2f614b4af507d46b6a348dbb0eb94aa35a4c982c9ddf672f2509c962cb07d68f5f38e394e125dd59d8dba64d063b9100639016afab743d8dfdf52d499403ee68904178dc3f91c4ae856d50168693230b376d68c703f4c858c7568acd23ac74ed2bd50e861d27d416af1ed57a756daea97346a3040700b8ae87fb35f48f4d75159df5d55fc5dbdb5cd3ac2dd93fbe2cc86bc9e02f5753d3283e49a6a5167449dbb0001761feab2b54e47c9fe8f0db6a3d9475ed7b58ea4355a6ded1b42ad22c34de4bbec7f45a1dc68a28698db6aae15aa53cb5c3b7c67b2e9152836961bc1582af49bee127baebf9191ca57276cfb30638e24a11549232dd25badec68d1772c6c4adaae2a16d278ec4656b7a3bc31cd0070166ae5c5d49d85f33673d9cbb57b76ddea0c35580fd40e7880a6a7a332e35476a2cacfa7518c14a981043403321652f98d74388c8e32afe9acc0781ca98abdb61923f56d7d9637563735597969734df4ea51ab4e5ae6bc41695c5ad3d24f4fed2e0d76f4f1716d56ba9d27ba69020cfde3e17a1dac63865a213bf0d49cd3820c2fbd7226957b3a47cb2e3616efd526ce47d42ed67a81c195837652686b1806d60030037ec143a76896d60c631949bbb927e4aea171a731cd90d1b82c1d5b57532e90be3c927925726d9cb14a11518aa46a5abd322d9fb5ad901790bd43e90beea1f57fa5c5a876f3646b38b7c5bb8932bd81aa5463490e3c4ae13a9ea2fd37d4ea1796f45f5ea5a74ddcd3a4d6e49a972e80b78722c4db5a7ead199454da4f691d07a7b5eadacdbdfdbdc925f468bc39e46040c234bb765a69b6f6fcb83249f25d929dd3ba454e9fe9b6d2b82d75edf4d4ae5b9d8de61586025b881c2ee7c171af2bcb25fda8e9bcef26b147145ea4f6481988994a43984f3c23f29fb9ca7b9cd6b795eb209a3c9b914fdc25aa33240fba0968a85d1fa42471cf303b2d9877681db9aa23f5110e332784e74c90482a30e302048050b5b247ee2044281dc148e24e632a1dcfe0ca0ab43813c24871c93b7b602190d13e794ddd331108c83a4876788586d6c07d951e40f7ddfd1a1650fd4d93c42a1abd4732d68986e6b3f9cf60b322a33a2453cc9118c28dcefa48f0a63bb6893f6503c00646572158820c279120f02131904e711fd4a906dda80600781054a41c28b8eeac34fd204ac53455d116dc13c994a19f5993e1492c024a6b60c0505e84706c709822613e017012200430092638cca558d226631a4e4180acb7b069c8321560e888eca62e0e800059946d34693a69a366bdb4b1d6b4e65b5d53dd4cbc39a7875378e482b9d8b0bfd0badaf9d72dacea37f6b48d3b978fce696009f30ba3f4eb05cd5ab4de4c359ba3e4e164fabedbf17a039cec9b3732ad33dfe9305789e6e078734e2be33da7073cb3608c98cd32a4812710b7ab31b8b1a3885cbb44aef3b7b880e5d26c6e440ec02f8e27de97b236665091994c7d1da54b4eb9da0721493311995caa458aa3155e934b4bc9330b4fbb27de2d13b89c2ddef0b69d12495a752b57dc5cd4aef2649fa00ecb866ad9caa8cc696d735ed0e1fc96c359bb9840eeabe9d64f7b9a209016cb56c9bb0c89c2d2c4dc4c3c893a392eb741f41ad70240957fa5dc2ad37090453742ce6ab68daf4cb56b16546ae8d7839dafc397cdeae323913b46f669819ef2a46b5a065318f654a6d734c8724dd061726cc34c7bd8d924e16b5a8ec878918593ad72049185a7eaf7e4ecf64487b6495c6f664d1f5ca8d15626042c2f4868b6d55dabf50dc0dd717758d1b460fe1a348449fb958ad7af9cd1745b9aaf71d823cf01754d3ed451d2ed28b59b4d2a2c0447c656e0adf471b74683722b527d463f0f71c9f03b04ad64019255ed6db4dd7a053719681b9536105e02f6be330bc5c58ea9cb6cf1be4f2bcbc996ed47485732232261239bb84639e52bdb31de123a4c62217689e8eb2fbb298690e2627ca4a83260a9ded120885039b10568cbec69000c9e5400b67ec138b8074150ed42d133a1c3ba639a1cc87623e384a2409810982a67942a193b44463ca6d3c8c94ca952411c09eca10f2e98425593ba0e07f32163f5a344dadbb5f07f78f23f9057da60813cf73958ed51a1cca2d3c6fa844fd9ab12b65f9a3636c3c489c05154247fec9293c1120600e7ca6bddb9a572245d318d7c648cc764b93d86531e665480e04956e83171985208100f0a138cc99eca463b032164b6871c90639091b1be792105c03660e78481d1e54fa5d1246640c472803200ee98c779c790a46d4191dc256c39244918f213c16cc77890abbaa0190049ed28638b8fd4a9199ad32fdfa6de32afe769c3c7c15d1ebd5d36fac5e3dfa7edd4a6e0e1bbb11e1726dc449f2a263b6ba41ccaeb397e3f1721fb752a3b1e273b271928f71b325a0dd9a65ac99f6839920f6695d434eaad7edf25723d2ea0a77771f4f391faae83a1dc9ab4e9b8e4e42f25930bc592507f19ec70645921192e9ab3a3517c630ae53323ecb5da57043964edee40e472b8ece7fa45a939c5a59c08954997fa569f469d4baaec64853d7aada8f26161aadbfb35455a3b41ee1cd052ca6cfa2f53e917b5decb5adbf6e320b4159abbd62853a2f25cdfa41992b47a37f4aa1db5bdb619c6d0028af28e9eda06e1cedcd0ee270495b526a2f670ca2aecc39ebcb866ae6de9e8b7d754c886d6653fa1642eb533a98638db54a0e270c78cac75d6bc69d56595bd5140bc4b491885b2e97696ee8a8ea86abb8dee2be595bfa72c5d232ba7873280047752d7a81ad329ae735b858ebf7eea44ac94c7de5c12f6381cb7c2e77a8de3eddc2de808635ef9ffa8c95b2de57706b88ec1687a85c097983b8b881f75a4665d68d5750737f134801bbfbc30371c995d0eeba86eaad32c0c6b1c44182b9fd36976a7641d05a2a39e67e02d81ee024f7fb2f47e278787241cdc6dde8f2fe4f959b1e5f48bad111dee739ef25c7b93f29ec12a2739a678128325c4895e92354b54740dedd9677398ef2a273bedce420c6091132a306663ec65691c6e988e3ced94c2491046653dc206093298e88995ab0951048332d9506e2481b790a526080410931ee6507b500780a1779ca9882471dd438dd05046863dae2cfa554100c67073856dc279c281c20f3cf8435b1c1ed3c98132a3bb2c2680dcd20fba73c636246410442af7551b45b44be40dd5408cf662cbd20b5b46629b406f1096a780a36543b6100f23e16d3088dbb43b2a60e24a8886fd50a40091885abb1d817342735ee2488850c1ddb94aec1262028c0e3f5a90020c850ce4425797604ac55b1f4940dbdb11dd20263b4fdd42e7ba726210ddfbbeeb5d511d3260473c27b1a1a49f2a20e9c10a40272a115b25241004a7403906709bc71fa209f851d1c8ac759b9b4f5161223dd647f25d074e2da0440c1e17376ba2bdbd53f969d482b7bb5aed2c6b986578ff278dc3933d77b3d8f8acaa7c48efad1b832a83d95c6dce037740e56acdba7348f958bd62f2e2950269921d204c7625759676bed48dc2eb51a16af1baa082b1b777f56b54d8ce36932392b976a37f5f4cb4af5ee5e5c290351d89809fa475cbaf6da91b5b1ab51fb265e36c856ae88bda4ce8f61a6dd5cd49a92d0da64071ee4ab371a65cd5b036227de0fdf4cc98c712b57d33a9355ad5aa0afa6576340c3f9598ff696f61eda56577523b35bff00cadfe37473c70ce426a7d3f543293db55b52a53a61a47727be56259797ba44d0dd507ef185ae99858ed6b51ea7ae29b6db4f7d0638c9ab50c2d26f6ffabaddaf350d0aa40903cb9704a0959678e497c3b6bbab3dab7a756b8e5ce698c910a43ad5b5fd215293f7348c8f0b8ff48ddeabaddad71a952daff74447768ee16ecda0db4aef6b27696657049b47cfb4c96faf4ced016ad7601da40cba4acade9687123f5587f703e2048563656e3ea636d71a941c6ca4f5907904fc2a3614b73eeaabb33b69cff557dcc1d848e17b7f170f4e243fcecf15e53229f2e55f34572e8e42943e0772961b194c89caed11d53b62ee793df84f079fb951bc06832532956dbce44ad115964bb204ff003505431388521a809f9505425ed027b22ab1ecd91970dd20a8db3ba7b260c10672027fd20f792ad060e20c8320ca63f1e4f84e241e4421af8de1b325b01c0f0b3b211bb7ede544fd9b64129a4c138ca49c1c649e54ded1a5d5038d368c4c80a95c51a757f0e4813fbee7fe856b679fe69b49ac7d6a5b8918af98ff00228f6a8e4545a66e3e79929ef20b52d3fcbc999ee9865c4cae54b462d15cbe62094f63e04132531cff00884edd8f82509b1e5f001139e254adab2e82a068dcf4e2d70282f659c471cc25391851ee2381929f2768556d9a1873dbee52c8183cf64bb81ca4734118084a448d24827395237192542dfcc0f85235c0c8e3e14292cbb30119398884d69207c84e0e0b2d1536296483f2b3da6573b001e60ac10307ca2dabd46dfd668e1a1840fbae8bcc614e11c9f568eefc36597e5963f8d59bdd3780ff002255cf6c5720101c3e56bd6f75bb697360adaed87e577c4af32e291e9d323aba55957680580c733dd6aece9ba96b7351d41b2c7540440e16eff94e612c831b548bd953a6663a72dad1ee02bb1cdfa7b08cad85d4298796d3647e8b46757d518efeeac120482785aaea35fd4e75560a7756b4dae764b593b5b2be959a2a14e36ce5537ed7674ed4ed69b2d6053120f75ccaeb45156e097e5bcac852b4ead78fef97a2b01c408593652a9484d474e3217cb9327bed234f2348c6e97a65be9eca8ea608738c127f9a8eede035ce57ead72f90c989581d56e3daa196af99cafa385b351bbb9a8faa5b30d05636bd6751a30d1260edfba6ddd4912c2412709b6205c5d19747b2dde5be657d7c3c3f9f3c31b7db3e4e5e7fc382534ba4652d9868da536bff003bbeb783d9ce52b89da535f32e74c9ef2a17bfb1257bcc58d628462ba48f0f39bcb3949bdb6238898cc76840266135b060fc27ef890391dd72a322bc0710a303f44ae744679293912adafd18b164903c289e482731e10e709893f0821bb53f82591921ad247204ca60200ce13f310531ce0de1d95a4ca84a8f000ca8bdd20cca52d97722157a95002404ad9092ab84033850ef271df72682f74ee301460c19ee4a8ca89cbf679e3212d0739f5e8fcb6e0ff5a6a2dc247db296835f56bdbece5acba9edde942cd23913765f6e1d9c78481d24f89ca3f866538fd526079f95ca8cff0081a1a306131cc23ec470128712e981840cb70073e54085646d22231ca94b65b3dd47b09c09530818ca59aa6234c08f94f241fb26718f9943483289187a176e1383b1c647291c5cde0ca407bf95b1763b1279012b637148d26260c290124ed92004a03c47f34e8c13948d9233e55aa4c2ff00a5a0bdd2035a3b92b0d1a56677a77a6ae35ebd73187daa34985f5eb3b8a6c1c95a3f4c6a747a91f5b53b66865bbea3e830773ec3cb24fde17a0bd42d16bf43fece3d615992cd42be94fa951e30e05e400d9f85e53f426981d0b4e48245f56ffb05d17989a58524bb91dd7858379e52fd44ebf5edfd9607364e62164b4ed462906932df2ad50a721b20158abfd35f6b156d8e1c412d8c2f34e8f4d54cdca886d56027857adedd847d8ad3f47d5836a54b7ac76b8700adba8dcb18e90443971b8d335667e9516b29c760163ea57a66a183c730a0aba8b7db21a64f042d2aff0054ac2a1b9692296f6b67be4a34c59bfd9d7a354bd93fa7c8505f526389202d62cb54f629fbb5866483e5656bea946a520f0603c4895c134c26636e1a18090b47d5af29b8966041819e55dd6fa8adede990d7ee2e74361685b1fa9d563a1c18d3bb74e495c7a89442ea95678c1e564345a66a5f5db58d9736d9a4c0c8faa14c2d5b4da310b62f4fee069fd41a8d7340566bb4aa81cd39cb4c8c2ec3c64ffeb717f27c3e4609f0f27f062ea537b5a4b9b05407bc89c2e9b787a6fa8af345a166459d6d4e93c0dd86b6e19934dc0f12b44d5f4bbed1efeb5a5e5134eb5374107b8f217ba8cacf1334d1890c484479929d988487331c2e44ad99dafa30c1c2712ddb1dd35cee3faa37376ad5263b421004726133b0f29492606653490d6930ad51115aabe3c90a13313073dd59787476f2a09cf688088a299db2278ccaad0d8fcaac4ee6aacf77d324cc4103850a2edda062546f23717425a92e2d80980081c2136d0d9ce272564b4b6b5f7d4471fb9b939e30ea4a8125a46165f4761a9a8d207ffc172703fe6a4b2c2440d276e4413c0091ae3c4ff34f043da4f70aa8dc1d1b972269f46a993133833293711129707051f4e154984d0ac798e5481e671220287398ca9802e20c723083d98f0016929e76818ed80919bb6ed4ae7091e5344165d107309a0107f54e207cf70887cf9101520d6f383195381b9c9aca676654eda2f73e04946070a721a015dafd20e8d6eafa89d5aee9cdb59b87b73c3eb73fc82e4d65635af6ee859db30beb5778a6c0332e2bdd5d2ba150e9bd0ed34fa20014698de7fc4f3973970e4924a91c914ce75fb445a0afe88f5bd30c2f77f63d77ff002caf02fa05545df44baac000ea7580fb06b57d39eb9d24750748ebba59802f74cbaa0244806a53202f977e8069d574fe81b7b678973351bbde076da435747e555e15fc9ddf869359a48f4dd0a534dbe54eea1b871202ab6ac341a1a5d20acbd26ee23eebcd3d1ea12d1a5ea3a4d2ab5fddda43bb11d8a877ea546986005ed079ee16f35ed1a7eaf0aa36d0b8f1959b25239c5e6a37f4ea175365696f70272b5bb8d7ef0ef3529bcb7dd90dda40c2ed9534fa65dc42a06c28b3f3d3061461c5338ddb6b7a9d42f86ba33120f7c25ab7fad5cbc377380821747bed3e9d57914d91398e2163c6880c9c17099017049c9152340b6d32b5c560faee2e7c406f6fbadce8591b768060e38598b1d2763dced99859716205321c2312b86a4ca69f528b9ad39e3ca774ad0af73d45776745c1b5abe8f701878cb0870595b8a2092272b0761abbfa63a96cf5434cd5a34d95295460e76d410bede049439589cbaf63e5e6c6f8d34bf44baabddac5d5bd1b577b1a8d0a8eafe0d2ab472ba969d6b7dea07a7fae6b17349a6f6ceab0d28e41a207b801f0e5e72eb4eafd2dbaf5b6bd615c32bd3aa1975427697d376248f217b8bd19b3a2cf4fa8d66b47b77f5abd7dbccb5e617b8c4ffab4791cf15f8d6b6791f0eca6124032b6beafd0cf4ff536a562dc52a754ba8e23e87e42d64c90bed8f475ed90110d994d323b052381c082a3fa81e56d11581c19111f64c2e3c784f7182442aaf21c408428e248033fa2aa2798c34e427969204c95092780329f00e2f00602ab5311267c84ad1989e546e7642944dd8d754da4291ef0e6c8501105bcc794e032493c8c21a1e482d1b867c2cff4e1f7352a620970b7bafb46ea4b5c2e2799e16c3d3609d4289692dfeef75d89397d25908a6d7c265490ff00b84ca396cce7ba90020e0e0ffd96d176378eff00527f2d11946646325383067e9048f95ad91b13f30ed32ad07639e380a068dc0188cf2adb1a4fd2028c9a193f56d123c223f9f0a46519736398c2bb4acdee121be52c77d15c3309ded91cc95d1342f4fba8f59a6d7da69ee34dd9156a1d8cfe65755d23d12c537ea5a8341fe3a545b3fc9c5473824549b3ce54ed9c1ad9124f016c7a5f4c6aba95402d2cebd52ec4b58481faaf5c693e9c74ae8fb1f4ec9956ab3ffab5beb2b72a7429d2114dad60f0d0005c4f29b51a387fa73e9b5d687a99d5b530c15594e2de903258e772e2bb9240004ab89bb6681c242f0d5f74e59749f5f753e836cd14a957b91aa5ab381b2ef35037e03c2f72af357af9a6d5d32efa6fac2952dd4b4fbb369a91f16971c38fc31ebe1e7e2fc9c795771d9f7f8dcdf8b931fd4b46896ce01fb5d823cad82d9e0b4ac61b76ef1519f531f96bbc82ae51fa4ee217947f4f609d994dad709291944488437ea5669337b8001628a0ca3b844092152ad6132608f95b20a6c88188095eddad819c2cb540d31d60c192d9214352ce786c795b69a2c8cac6d60d190162996d989a56cca424f70abd66b4139cabae76e255379194514435cbda6d00c0ecb9e750d9b6e2dabd079dbeed3700e0782574bb86fde02d23596b4b1e5cd9193fc96a3177ad189ee2d1e0cd6f58d62c2fab59ddbcdcd4a2e753dcf327c0cafb89e96e915f41f4d7a534daff00f12868d6a1e3c39cc0e72f943d17d127d46f55f4ad1a9c86d6be15ab3c89d946dcef792becd5201a5ad6886b5981dbc00bd9709b9618c9fe8f23cf6965f45f0e19eb27488bed27fb768307e26c7e9aa472fa3ffcb5796800d39020895f45abdb51bab3af42bb03a9566b98e6c720882bc8faefa4daf697efba851fc5526d577b66965c1bda5abb184ff675928d7472270911f1e14459032b3177a55d5a38b2a31cc70396b81047e85635d4aa09f83910b96d33293293cb8c6d1dfba85f3187655d730026399c282ab22312a82a3a490a0c34933cfc2b2e0483221444e7ec83e10b88070390a2a8d1180029369230531c00689312a0d58c324c4151546c3b0ffe1e13ce03483cff0044cdb929bb0032d5b5f4ab3fdeb48f20dadd63feba4b549da00001e56cfd235ddfdaf49b13fdd6efff005d15995a5fb0acc3d3787096b480662548d0482678ec86b66982d12a6a6c933800cae448bf018c3240c94e630977e8ae51b47d43f75d07a6bd31ea4d6dadad42d9f4e9931ee561b1b08e49152b39f53b57ba486fd82cc69fa35e5ddc8a5468baa3e3f2b412ecaf4fe8de8d69566e0fbebaa97111fbb68d8df995d4f4ae9fd1f479165674687f89cd6fd47ee5703c86d4523cd7a07a35ae5f7b75ef7658d22787e6ac7c05daf40f4cba634479aada1f89addea56faa3ecde16fa9571b93629035818d0d1000e047084214282109100a8421002c4754e8567d4ba06a1a3de7fc0beb6a941f8980f6c4fdc2cba42146934d32a6d34d7699f3ff00a1354bed26e2efa3f5c79fc7e9359f6c1eee1eda661a47dc2e9b1b545fb4574855d3ef74feb4b0a6d6ec736df512dc1327f7550c78e0ac3f4e6b2759b1a4f740a910f5e43978bf0e6941ff0028f63c3e42cf86335df4d1b4d1aa0fe60afd378105ab1625af80a66d5fd17c96cfb919e65d323e52fbeddc6616105c067cc270ae1c146c19a754a7b09992b0d71f520d6a6064e553a972013024ac6c9b2bd5da24aabba4425acfdc6415183b224f62a97a457b9a539e573deab732c348af58892640f890ba8b19b86eef980b96752e937bd5bd43a6f4bd9d401fa95634dee8c536012f77e8172413728aadb6923872cd423293e92b36cfd90fa10d23af75b5cd383787f0562e3dd8c33588fbb97b81a3fa05aff4bf4de9dd23d3da6e8ba73365ad85b328d3f276f2e3f2e3959f8c82bdae187e3c508fe91e2b3e47972ca7fb629302556af6c1f5d95d9201e40c70ad248c2e5388a1a9689a56ad4cb2f6ca8570447d6c04c7df95c7fa9fd17b4b977bba35c8b670e68d51b987ece5db9bba33ca555368948f0a7517466bfd36fdd7d65518d321b51bf5533f6705aa54a05b90d5f452bdb51b963a9d5a6ca8c70cb5e2415ceb5ef49ba5f576d4ab4e91b2aef920d2276cfcb5722c9fb238a67886bb5c39047c2a6e0e03cf95dc7aa3d26ea0d1e5f4291bca21a49a94b244796ae3d5addf48104104187617345c5987168c339ed00b4c88ec98f8703201303bab8e0dccf2a9d5960220c9fd519194ddf54652b5d923f94a716bc0974263a58de46509bb081dbb785b7f45d373b59a20e7fb95e1c73ff128ad3f79812b78e82ceb2cfa4cfe0eeffd4a4b13e8bbb461e8d2903705d07a7bd3fd7fa8b6bade81650ef70f10cfd3caea1e9ffa3e6e5b4750d7585b481dccb4220bfc17f80bd2546d68d0a74e951a4da74e9801ac021ad03c2c3c86e9b39c747fa5fa1f4f51a756e29b6f2f009f76a0c37e1ad5d343400001c272171b766c108428010842004210801084200421080108420315afe9365ae68d7da6de530fa17745f4aa039c3842f017e0352e82ea3bad22ede48b6adb7781ff0011872d78fb85f446ab9ad692e2001924ae09eb0f4853d7f49a7d43a7455ad64c3bc53cfbb42731f2d5d4f95e23cd8bf2415ce1ff00c3b4f17ca5833fa4dff44cd26c2b53bba4ca8093201574db8265731e9ed59d47dba44fd04fdc05d6e816d4a41c1d38e42f33da3d5c4c39b7aa494c342ab40f2b6134c44a7b6d81c959a668d5450b824f2a5140b59242dabf0e1b180a856b6dbf215166b5569ba7132ad51b46b80df238957c5b37dd0e770125d54651a44c22249989d4af6858d171c02d0616cbe8ff0042dcd6d58759df7d02a50a94eca89e76d439a8573db2d2aa757f52d9e902452af509ac476a4ccb97b46d2d28da5b52b7a0c0ca54a9b58c68e0068801775e338ab2cff2cba875fc9d0796e4ca09628bdc96c9d2a44abd19e781084201370de5bde0254d23f780fc42720042108045a5f527a77d37d4cc2fb9b514ab9040ad4be8767c8182b75422740f14758fa53adf4d3df598d37762248aec1f97fce1720b9a0f35088c0f0be9abd8d7b4b5cd05aec104482170bebbf466c7536d6bdd1036dae5efdcfa33fbb7f9dbe0ae453f8cc4a278bdc38079f0abd4741fb72b69d5741d434abd7d0bea156deb34925af6c70b5db8a67743720ae68ece3e8aad9ef0795d13d3b6976b2d1b4b8fe0eece3ffe4a2b9d805b2e0ba1fa76dddaed3931bac2f0ff002a945495345bd9f416daa1753a4fc996e55851d91654b4a64088681fcb0a45f31cc22542100210840084210021084008421002108400ab5fded3b3a46a3b247e560e5c53af2ec5bd3fa46e79c35a3b9515b5a97b9d5ae21ef78fe480d6293eeb5ab80cba686539c304c47cadae85a50b5a02952606d31c37b654cca54e9086343427203cf1ea6fa7142d01d6f47b76d20ccdddbb04020ff1b40e0f95a06997f529b369fcb8fd57b05f429bedea31e3dc6bf760f83c82bcb3d65d347a5f55731809b5b83ba81f03bb7ee179df25c258e5f9b1ad3fee47a3f13ce725f8323dafed665685763c02460ac9b385a3d9dc3da7e16cd6f705fc3974e77a66c01b7002a8f60708c29c546ed1de54155cd6f1c14db062ee581adfb2d5351b9db42abdcfdad6832b66b971d873099a174f3ba93556d91114190faee8e1be3f55c98f0bc93518adb671e5c90c5094e4e9451b4fa3dd317541d73af576b5acbca0d65b0efb664bbf55dd9f71429068a8f6b248024c4954994dba7da329dbd1114a980c63462005ac57d32aded5756ba26a3f6b801c06cf85ebf8b823c7c5182f878ae4e7972334b23facdd52ad734cd42b5ab29db5f9712006d3add8f86b96c41739c02a10840211f58fb14a8420042108010842004895080d67ab3a3f46eadd3df697f406e39a759b01f4e3882bc47d7fe9feadd177e295c8356d6a93ec5cb4434ffcaef0e0be80bc123182b1bade8ba5ebfa556b0beb76d7a15db0f6b871f6f042d464e265c6cf98cf6b38f0385d17d37a61bae3267ff2177dff00fdb4947ea0f42de7446b0fb4afbdf6af7136971187b3c4f90ad7a70c67f6e3633fdc2eff00d5a4b95b4d1c75baa3df3a69d9636e1d83ed830ac265a02db7a4d3fc2c684f5c073021084008421002108400842100210840092422bbdf4e9b9cc6ee21a481e555d31f59d6c1f5ccd671249ec078080b4183b89284a84008421009537163a0c18c15e54eb6ebcd42ff0053add137da4d57eb76955972dab49b14ea5a77b869ff000f62bd565711f586a37a3bf0dd7b42d0dd1d2a83ed2fa9b797da5c38491fe572e3cb0fcb8e507d3472e0c8f16584d7699c76956183e785b4d93496830b46b2d5344d6053d4349adee69f74e2ea27bb0f2ea67e5aba1e9ce63d8003c0c7caf239703c53717aa67b3c19639a1192fa5fdc408f84c7ba5a648c27b80064ac7d57bcbc3580b9ce30001c95c6b1b6ce694d4176415f75476dc648c9e06624af4374ee856ba1e9f4e85101cf201ab57bbdc7bfdbc2c3f4a74bd3d32c1cebca4ca97170c8aa0890d69fe05bc318d63435a2000001e005e9781c3fc105392feb6795f23ce7c997a45ff427ff00b11103c2542ec4eacaf5ed285c0db51920f214b4299b701832d6886cf213d080692027242011050c05a23b20150842004210801084200421080122083b8105080d3bd40e9ab6eaae96d474e36edab70fb779b5dd82cad1f490578d7d3ab6af6dd446dee19eddcd0b2bca7598796b9b5690702bdf1529b6a389071b081faaf3e755687a7699ea259df5bb3655d4346bb7dc470e7b6b511ba154e911a3d0d40431a0f66b52a4602009f012a8504210801084200421080108420042108044425420042108010842005475bd16cf5cd1eff4dbda4dab6f7b6d5285563b82da8ddaaf243c203e5f7a317b6fd35d75a87a71aadc0f62eeb5d51a12cdbf87bfa2e810e3cef685deacf50aba75e55b3ba69656a150d37b4e08705e7efda8742afd3deaedeea7636afa3737742c753b3b80f868ad44eda981f65dbbaf75cb2d6f47d0bae34c731d69a950a546e9ed1c5c80baff0023c55382cb15b5d9da78ee64b14ff1b7a7d1d185cb1ec0ec444ae85d11a01a8e1aadc331916ec23f42f5c97d33a3fed85765121c685b35aeb878e33c367c95eaa6536dbb1b4d8006b40000e000be6e0f16dfe49aeba473f91e63afc507df6392a10bb93a404210801084200484254200421080108420042108010842004d706b1a73013925612c8e321000036ae0fd6e377a81a63070cd12f7fd7a4bbb34876efb2e11d6619ff89168c388d1aec8fd6b524077a42108010842004210801084200421080108420042108010842004210801084203c69fb60694cb5b5e97ea2a36b46abe85cd7b1ab52acc06d76ee603fa85cd7d14a35babbd29eade878df56caab6f2d016f0fa9fbd66cfd42f61fad9d303abfd35ea0b06d16d4ad4edbf136f2ddd152dcef101798bf64dd2750a9d59afeb6f0ff64e994683de440355ef9007d805c96a589a64ba6a8f567a5fd16ce88e91b3b17c3ef2a015af6a465d55f98fb3785d0d085c4924a915b6ddb04210a80421080108420042108010842004210801084200421080123e36e7b254caef9688f30a3e80da7cbb3895c3baca96ff0052ecc0831a25e7faf45770a6044c775c37ab4c7a9b4305dfee5baff5a92a985b67784244a80108420042108010842004210801084200421080108420042108010842012a3054a6e69e1cd21693d0dd13a7742e9b7567644bbf137d5eeaa3be6a3b0d1f0d180b7742004210801084200421080108420042108010842004210801084200421080125d09a604c7d412a1ff0095008d6ae15d5808f532806b882345b9ff005a92eeab87f53399ff0089b45a713a35d7f4ad4901dc29fe51f60953686580cff08ca5402a108400849280805421080108420042108010842004210801084200421080108420042108010842004210801084200421080108420042108010842004210801254e3f54a9a500a785c2ba9985fea9d287401a25d7f5af497755c27ab1c59ea6517091fee6b9ff005a9a03ba5999b7a4667e86ca5a8768dc92d4865bd311076094e7b43db0782808ea54701f4f30a463b7051318f348b5e2083cf90a9699a853bba95e919654a2e87b4a032252a4295cd2efb1402a419086e1a0143480100a849211280542442015092422500a8488402a109100a84895002108400842100210840084210021084008421002108400842100210840084210024295242005c13aaf79f53680691bbfb16eb1f6af4977b5c27aa9bb3d4fb71e745bb23edefd140750d16b567d066ea8f763b9255abeab55a06d7b87d8a10b5f415ed6e2e0dc66ad43f49fe22b4dd3ebd66f596a21b51e01a4ce1c50848fd06c1757572da6c22b541f5ff88ac7d6bcbbdcefdfd5e7fc65085b883236375750ff00dfd5fcdfe32ace91715dccaf355e62a625c5085c40d89951e5925c7f9a52f78661c7942100a1ef83f514a1ceda327842100cdef2e0371fe69ce7bffc45084039ce76c9929ac7bc9cb8f1e508403b73b77251b9de4a10809072138a108019fc5fe62950840084210021084008421002108400842100210840084210021084008421002108400b89753807d4fb5eff00ee2bbff5e921080fffd9),
(1405241, 160114733099, 'Manish', 'Golla', 'Srinivas Golla', 8019267367, 'Gowlipura, Hyderabad.', 'BE', 'CSE', '0000-00-00', 1234567890, 'golla.manish@gmail.com', ''),
(1405261, 160114733313, 'Jeevan', 'Gandla', 'Gandla Srinivas', 9000583295, 'Secunderabad', 'BE', 'CSE', '0000-00-00', 98765, 'jeevan@gmail.com', 0xffd8ffe000104a46494600010100000100010000ffdb0084000303030303030404040405050505050707060607070b08090809080b110b0c0b0b0c0b110f120f0e0f120f1b151313151b1f1a191a1f26222226302d303e3e54010303030303030404040405050505050707060607070b08090809080b110b0c0b0b0c0b110f120f0e0f120f1b151313151b1f1a191a1f26222226302d303e3e54ffc0001108006e008c03012200021101031101ffc400990000010403010000000000000000000000030102060700040508100001030302040401080905000000000001020304000511062107123141135161718114152223325272b1081634739192a1b2b3264263a2c10100020301000000000000000000000000000102030405110002020103010605030500000000000000010211030412215123313241617105132281915282a125336263b1ffda000c03010002110311003f00f65aba6f4309c8cd13de998cd642cb133bd6566c7df348a34058dc91594d5a8537981e868fb0585269450e97245026107a9ac253bfa547ef5a86df6276d6dcaf14aee7706a0c7084f365d70150e6dc612027735d90bc9c5371928a6d712ee15a6e8d8073484633ef499c0a4ea290c5e602942bcab977892a81699f2c1198f0df7477ddb4150fcaa2bc38bddcb51e84d3d77b8ad0a973a0a1d794848424924ee00d854fe4c9e1793c9494457cd160909269d9c77ad74a8d3c1ce01aafb895862bda9c30464d08919da9727b628109cdb1a60069bd69f4c04033511d6fab23e8fb2999e02a5cc79d446b7c146cb9725dd90d27f351ec2a6000aa66dd8d65c55bb5c9dc2e0e9002dd051d8ce9090b7def74270815a74d8e3294a73f06356c8c9ba491aad70f75fdd91f2fbc6bfba42b92c152235b02110a313d1b0856ee04f99eb448b7ad6da1e6218d5ae3372b3b8b6db45f9942592cadd3ca9129a1d124edce06d573601ae75e2d91ef1689f6f9280b6a5c57595a48ce42d2455d1d5bcb3d99231706ea92aa20e14ad33739b18144a87e84972a7e8db14890ae67576f64384f52a40e424ff0a98248c564cb0f959250fd2da2717b95949f146501adb85514af756a55ba53f81ae51fdd57320579bb8b3209e2c70e0736d1a7c6fe692f103fa375e914e30315b7598f669b47eb8dbfe48425739fb851cc55e805171b50c6fd289935ce2d381ab494693bf2876b54dff0aaa13c1bc8e1568f1e5696bf33530d687fd1fa87d2cf37fc2aa84f05161ce14693c76b704ff2ad42b6a5fd3e6ffdd1ff00842fb45ec5aa28a37a1a46dbee69e9358898514ec03d6879e5de9d9cd0034ed480d341deb3a1eb40fd4773847d251d93b9f6154cf0372fe8976e8bddcbc5eae7396a3df9df284ff44d5c0f00a69c4fde6d43f88c5537c0539e165911b02d3b35b50f54495d6cc7c68b37ae482fe1953f1af62e9c8ad59d251160ca7dc504a5a8eead47c82524d181cd42788921c6f49cf8ac9c48b884408e3b95cb506ff226a9c10df9a0bac9049d266d68364c7d17a7db524a48b7307046e39c737fed4bb15ab1d86e2b0d30dfd865b4369f640e515b3934b34b7e69cbac9b1c78497a1e62e2c90756c4b80dfe6dd4da599f6e7f15c3fdf5e9827956a4f9288af33f1599764684e20dd518e685a9a13e850ec2dc1941af48b4e87d08781d9c42560fa2c7357435dce9f4ff00e2b6fe12210f1336b20d38122829273443935ca2c21fc469298da07543ca3809b44b04fe26ca6a1dc0570ab84da681c028664231e587d75dde2636e5cac31ac0d121dbedc63431e8d83e2bcaf60841a8b7005c278636e6fa1666dc5b23cb9642abadb12f83b7e6f3a7f6a2a4fb6fda5ddcc31d288002326801429fcc6b925c9863f4a946c284955153b8a06041dab2878a7500c2a40053e4142a8ce0915c4b3ea5b32cfd65a355dcd828f24b8a0e26aeece0d52b66c69be356a2b71fa2c6a8b647ba46db632227d4be9f7237adba7fab4fa8879d292fda553e25165ce2a0d3142f5ae61c5c658b146f963bdc1932416d94fba51ccaa93de2e90ac56c97729ae7871e2b45c70f5240e8903ba947603b9ae1e8e813a35ad72ae4d845c6e6faa64c475f0d4e6c86bd9b4009a8e0ecb14f2f55b63f7097d4d2fc92e4d42349ebc83aaf505eadb1585a58b7a2338d4924e24b6f29482b40fbbcc82127bd6b6aa92edee7b3a4e1bab6d525a0fdd1e6ce14c42ce3901ecb7c8e41e993503e265cdce174d46ac8308ae0bb6276d0f32c8c21a79acae0a88ec8c92826afc1a7c728ed9ff726ae0ba509c9df1dcbbceec1b39d59c2bbcc7392abe26eef0f553cfacb7fda2b9da6f8a162b370b3485eaf4f3f998cb16f0861953eeae53596948081b939454ff874db91f41e976d6d96962cf0cad07aa54a6c28d466d3c23b0dab539bbaa4bd29862649996cb73884f810644b214f388c6ea248ca41fb3529e5c3379b1cdb4964728824d535d0edab5cade8c5fb7e98d4b34804f27c87e4a76f592a46fe42ba36bd6ba76e3a75ebf897f27831b9c4a54949657156decb6de41dd2e27eed4b7ed7519a883da0347cbd40abdbb6865d9eb5a1c5a895942dc6c612ea9acf229c03a2c8cd668cb4d2e1c251ae8eec93dc6869c6656a3bf0d533587188a88e58b2c579250e25a7482e497507ecaddc00949dc22a13c05fa8d317c844ef07545d19dff185559b7fd6da4f4ba826ed788919e3f62395f3beb3e49691ccb27e15e77e18ea3d58fdeb5f42d31606de6ddd4ceca12ae6f18688a242364b8c005d2adb38add08e4cfa6ceb6ec8fd1b6f84922b75171e6fbcf551501f1a42ea43a968ad21c39c2090147d875aad0e89d617907e7fd6f35085758b666116f6bdbc5573ba6a0dabb847a06d919a4dbadaf397dbb3c224090f4d7dd710b5eee48ca97d5b402a26b1e3d3e194d41e5b6fa2e11636d2ba3d1239a8c0823bd0196c36d2101455c884a7995b95606327d4d1c0ac6d53689a66b839a424f615806f4b938a431474aa7f8c56c9b1adf67d636c60bd70d29384cf0d3d5e88b1cb25bf5ca77ab79617e1af931cfca7973d33db35569b1eb9d5ce18daa1c816eb3a48e7816e796ebd3b1d9f7c8484347ba10326b6e8b6c32ac9292518f89754cae76d557232d5391c4ab843bbb05474cc1587a085a706e12474788ecd32764f9aea5faa35441d2d6f121e42e4487dd0c4286deeecb90bfb2d207e67b0dcd4063e85d5fa326be343dcaddf34c9716e1b35cd2e96a33ab3baa338d654949ee8aea35061699909d43adeff00017744b4a434ebaa11a344439f69115a59e6cab1bace54aad738629cd4a2f7638f820bbfee415a5eafbd926d2764956882f3f70750fdd6e0e991717d3d0b8764b68ff8da4fd14d76ee96ab6deed92edd728cdc98929a2dbecac652b49aaf51c4c8f77ca34bd86f17eec2421830e1fb991279411ea9068a8b7f14af4019d76b4e9e68f566dec19d200fdfbf8403ec9acf3c595cde4c938e37ee34d55256586d3312d709b6d00331a33286d054bc25286d3800a947b01dcd41e4f14b462252a1c19ce5de601fb35ad95ce5fb15340a01f734c67859a51d7c49bbfcbaff00236facbaca5c94e47935b363e09ab022448901811e230d47653d1a65096d03d929c0aaef4b0e5eec92fc21fd4fa22bd177e25de8816ed3b0acac13fb45de4f8af7c2345cff00d97441a12ef73c9d45abaef34287d28d088b646f6c33f4cfc57563904018a70df1517aa6b884230f65c86deac8d58746e95d2f9367b34386b3ba9e43797544f52a715959aad7432cc4e2f713e094603cbb5ce1ebe23652a35780c1aa2eceb2d7e905aa9ac6d234bdb5ecfe0584d5da79cf263d4a949becbcfd1a09249c7dcbaa4498d0e3bd224b8969965b5b8e38a380842064a8fa0150bd3315fbc4f5ea99eda90e4967c2b6b0b1831a113cc091d9c7b652fc86056bea43facd7e89a65b398ada113af0477652afa98e7f7cb1950fb82ac11b9aa9f61857ebc8bf110f13f4411229e0669a9ef585bc9eb5909d1ac140d6731f80dc9ec2b12b07150abf70f2c1aaee2e49bd3f729ac292909b72a63888492918cf82df2f313df26acc4b1ca5da49c57a2b076bb959a576e2a685b44a5423776e64e1d615bd0a9d23db9180ac7c6b47f5a388b7ac26c9a3c5bda5f4977c9219207988cc73acfb122a7d67b1d934dc511ad36d89019031c91994b43e3ca066ba614055ff00374f8fc18b73eb262db27decac4686d5779467516b5b92c11bc4b4a136d607a738e6755f135d8b370df43d85f12625962aa50eb2e4665483ebe2bc546a740e698555196af34ad5ed5d17025048c249c6f9c0dab3159cc294904d50db7cb1f02f6ac19a41b0a7034807f6de9126929c8e9400ec66a82b9dce15878d77dbb4dc8622e8365d510372132ba0f5276157ff00535e57d4d15fbdfe9296bb5a92b10d1628f225a7b3a88ab53e84fb7898adff000fd9bf2a9ba8fca764325d2a2f2d1b6d9b0ad6b9973404dd2e8e9973f1fec5ac610d0f469002054bd20d0f1cc0e4d1927158f2cde49b93f326b8543f069e02a98939eb45e6c74aac91c904d102b141474accd03a3682bd699b5041a78340905240a6e474069bd4d373956280a0a4d2851a1f3730a41be698986cef4e0702840517008c77a069199069e93834cc6f914a318148541926b81fab3693aa55a9795c37036d10028afe806439e26c9f3cf7aed0c938a78ebb54a33946e9d5aa60d213914939ac033b9a2026899491d2a20901046294628894a490297c207b9a067fffd9);

-- --------------------------------------------------------

--
-- Table structure for table `aec`
--

CREATE TABLE `aec` (
  `RollNo` bigint(20) NOT NULL,
  `CourseId` varchar(10) NOT NULL,
  `Branch` enum('Biotech','Civil','Chemical','CSE','ECE','EEE','IT','MECH','PROD') NOT NULL,
  `Attendance` int(3) NOT NULL
) ENGINE=InnoDB DEFAULT CHARSET=latin1;

--
-- Dumping data for table `aec`
--

INSERT INTO `aec` (`RollNo`, `CourseId`, `Branch`, `Attendance`) VALUES
(160114733094, 'cs421', 'CSE', 75),
(160114733094, 'cs422', 'CSE', 95),
(160114733094, 'cs423', 'CSE', 85),
(160114733313, 'cs422', 'CSE', 75);

-- --------------------------------------------------------

--
-- Table structure for table `bus`
--

CREATE TABLE `bus` (
  `BusNo` int(3) NOT NULL,
  `Source` varchar(20) NOT NULL,
  `Destination` varchar(20) NOT NULL
) ENGINE=InnoDB DEFAULT CHARSET=latin1;

--
-- Dumping data for table `bus`
--

INSERT INTO `bus` (`BusNo`, `Source`, `Destination`) VALUES
(10, 'UPPAL', 'CBIT'),
(12, 'DILSUKHNAGAR', 'CBIT'),
(18, 'ECIL', 'CBIT'),
(60, 'AMEERPET', 'CBIT');

-- --------------------------------------------------------

--
-- Table structure for table `coe`
--

CREATE TABLE `coe` (
  `CourseId` varchar(10) NOT NULL,
  `Cname` varchar(50) NOT NULL,
  `Credits` int(3) NOT NULL,
  `Graduation` enum('BE','B.Tech','ME','M.Tech','MBA','MCA') NOT NULL,
  `Branch` enum('Biotech','Civil','Chemical','CSE','ECE','EEE','IT','MECH','PROD') NOT NULL,
  `Year` enum('I','II','III','IV') NOT NULL,
  `Semester` enum('1','2') NOT NULL
) ENGINE=InnoDB DEFAULT CHARSET=latin1;

--
-- Dumping data for table `coe`
--

INSERT INTO `coe` (`CourseId`, `Cname`, `Credits`, `Graduation`, `Branch`, `Year`, `Semester`) VALUES
('cs421', 'Information Security', 3, 'BE', 'CSE', 'IV', '2'),
('cs422', 'Cyber Forensics', 3, 'BE', 'CSE', 'IV', '2'),
('cs423', 'ML', 3, 'BE', 'CSE', 'IV', '2'),
('cs424', 'Seminar', 1, 'BE', 'CSE', 'IV', '2'),
('cs425', 'project', 9, 'BE', 'CSE', 'IV', '2'),
('cs426', 'INS Lab', 2, 'BE', 'CSE', 'IV', '2');

-- --------------------------------------------------------

--
-- Table structure for table `library`
--

CREATE TABLE `library` (
  `BookId` int(30) NOT NULL,
  `ISBN` int(30) NOT NULL,
  `BookName` varchar(100) NOT NULL,
  `BookAuthor` varchar(200) NOT NULL
) ENGINE=InnoDB DEFAULT CHARSET=latin1;

--
-- Dumping data for table `library`
--

INSERT INTO `library` (`BookId`, `ISBN`, `BookName`, `BookAuthor`) VALUES
(1, 56464, 'Data Mining', 'Han, Kamber, Pei'),
(2, 787877, 'Introduction to Algorithms', 'Cormen, Leiserson, Rivest, stein');

-- --------------------------------------------------------

--
-- Table structure for table `login`
--

CREATE TABLE `login` (
  `Username` varchar(50) NOT NULL,
  `Password` varchar(50) NOT NULL,
  `Role` enum('Principal','Placement','AEC','COE','Library','CSE','IT') NOT NULL
) ENGINE=InnoDB DEFAULT CHARSET=latin1;

--
-- Dumping data for table `login`
--

INSERT INTO `login` (`Username`, `Password`, `Role`) VALUES
('princi', '*FB22D18BE6D4F7874D3FAE84DF7466AC8AD4C247', 'Principal'),
('aec', '*A018936554A112368ADB64C41476601784543DAB', 'AEC'),
('coe', '*D7E0FE25554CC1153B7647E588DB468B8F3EDD24', 'COE'),
('placement', '*6ED0153C373479A77882BB0A8EC1BCDDEA3187DF', 'Placement'),
('library', '*0BECD2563417B53867228AE94D7F1A9A1A1CED70', 'Library'),
('hod_cse', '*CAFE1CB5DBE6B1E6CD95C422B9B227848EBFCF05', 'CSE'),
('hod_it', '*C3865FADF0B988DED266763178D623A7C6123452', 'IT');

-- --------------------------------------------------------

--
-- Table structure for table `placement`
--

CREATE TABLE `placement` (
  `CompanyName` varchar(100) NOT NULL,
  `Description` varchar(200) NOT NULL,
  `Salary` int(15) NOT NULL,
  `Cutoff` float(3,2) NOT NULL
) ENGINE=InnoDB DEFAULT CHARSET=latin1;

--
-- Dumping data for table `placement`
--

INSERT INTO `placement` (`CompanyName`, `Description`, `Salary`, `Cutoff`) VALUES
('Apple', 'Apple Inc Corporation', 2000000, 7.00),
('Google', 'Google Inc Corporation', 1500000, 7.50),
('IBM', 'IBM Corporation', 800000, 7.79),
('Microsoft', 'Microsoft Inc Corporation', 3700000, 6.00),
('Samsung', 'Samsung Inc corporation', 500000, 8.00);

-- --------------------------------------------------------

--
-- Table structure for table `std_placement_details`
--

CREATE TABLE `std_placement_details` (
  `RollNo` bigint(20) NOT NULL,
  `CompanyName` varchar(100) NOT NULL,
  `Start_Date` date NOT NULL,
  `End_Date` date NOT NULL,
  `Result` enum('Attempted','Not_Attempted','Not_Eligible','Placed','Not_Placed') NOT NULL
) ENGINE=InnoDB DEFAULT CHARSET=latin1;

--
-- Dumping data for table `std_placement_details`
--

INSERT INTO `std_placement_details` (`RollNo`, `CompanyName`, `Start_Date`, `End_Date`, `Result`) VALUES
(160114733094, 'Apple', '2017-11-01', '2017-11-06', 'Placed'),
(160114733313, 'Google', '2017-11-11', '2017-11-17', 'Placed'),
(160114733094, 'IBM', '2017-12-03', '2017-12-05', 'Not_Placed'),
(160114733094, 'Samsung', '2017-12-11', '2017-12-12', 'Attempted');

-- --------------------------------------------------------

--
-- Table structure for table `stu_bus`
--

CREATE TABLE `stu_bus` (
  `RollNo` bigint(20) NOT NULL,
  `BusNo` int(3) NOT NULL,
  `SeatNo` int(3) NOT NULL
) ENGINE=InnoDB DEFAULT CHARSET=latin1;

--
-- Dumping data for table `stu_bus`
--

INSERT INTO `stu_bus` (`RollNo`, `BusNo`, `SeatNo`) VALUES
(160114733094, 18, 45),
(160114733099, 60, 77);

-- --------------------------------------------------------

--
-- Table structure for table `stu_coe`
--

CREATE TABLE `stu_coe` (
  `RollNo` bigint(20) NOT NULL,
  `CourseId` varchar(10) NOT NULL,
  `Branch` enum('Biotech','Civil','Chemical','CSE','ECE','EEE','IT','MECH','PROD') NOT NULL,
  `Mid_1` int(3) NOT NULL,
  `Mid_2` int(3) NOT NULL,
  `Semester` int(3) NOT NULL,
  `Grade` varchar(3) NOT NULL
) ENGINE=InnoDB DEFAULT CHARSET=latin1;

--
-- Dumping data for table `stu_coe`
--

INSERT INTO `stu_coe` (`RollNo`, `CourseId`, `Branch`, `Mid_1`, `Mid_2`, `Semester`, `Grade`) VALUES
(160114733094, 'cs422', 'CSE', 18, 19, 65, 'A'),
(160114733094, 'cs426', 'CSE', 19, 20, 75, 'S'),
(160114733313, 'cs422', 'CSE', 15, 15, 60, 'B'),
(160114733313, 'cs423', 'CSE', 20, 20, 70, 'S');

-- --------------------------------------------------------

--
-- Table structure for table `takesbook`
--

CREATE TABLE `takesbook` (
  `RollNo` bigint(20) NOT NULL,
  `BookId` int(30) NOT NULL
) ENGINE=InnoDB DEFAULT CHARSET=latin1;

--
-- Dumping data for table `takesbook`
--

INSERT INTO `takesbook` (`RollNo`, `BookId`) VALUES
(160114733094, 1),
(160114733094, 2);

--
-- Indexes for dumped tables
--

--
-- Indexes for table `admission`
--
ALTER TABLE `admission`
  ADD PRIMARY KEY (`RollNo`),
  ADD UNIQUE KEY `AdminNo` (`AdminNo`);

--
-- Indexes for table `aec`
--
ALTER TABLE `aec`
  ADD PRIMARY KEY (`RollNo`,`CourseId`,`Branch`),
  ADD KEY `coe_aec` (`CourseId`,`Branch`);

--
-- Indexes for table `bus`
--
ALTER TABLE `bus`
  ADD PRIMARY KEY (`BusNo`);

--
-- Indexes for table `coe`
--
ALTER TABLE `coe`
  ADD PRIMARY KEY (`CourseId`,`Branch`);

--
-- Indexes for table `library`
--
ALTER TABLE `library`
  ADD PRIMARY KEY (`BookId`);

--
-- Indexes for table `placement`
--
ALTER TABLE `placement`
  ADD PRIMARY KEY (`CompanyName`);

--
-- Indexes for table `std_placement_details`
--
ALTER TABLE `std_placement_details`
  ADD PRIMARY KEY (`CompanyName`,`Start_Date`),
  ADD KEY `Std_Placement` (`RollNo`);

--
-- Indexes for table `stu_bus`
--
ALTER TABLE `stu_bus`
  ADD PRIMARY KEY (`RollNo`),
  ADD KEY `bus_bus` (`BusNo`);

--
-- Indexes for table `stu_coe`
--
ALTER TABLE `stu_coe`
  ADD PRIMARY KEY (`RollNo`,`CourseId`,`Branch`),
  ADD KEY `coe_coe` (`CourseId`,`Branch`);

--
-- Indexes for table `takesbook`
--
ALTER TABLE `takesbook`
  ADD PRIMARY KEY (`BookId`),
  ADD KEY `Stu_book` (`RollNo`);

--
-- Constraints for dumped tables
--

--
-- Constraints for table `aec`
--
ALTER TABLE `aec`
  ADD CONSTRAINT `aec_roll` FOREIGN KEY (`RollNo`) REFERENCES `admission` (`RollNo`) ON UPDATE CASCADE,
  ADD CONSTRAINT `coe_aec` FOREIGN KEY (`CourseId`,`Branch`) REFERENCES `coe` (`CourseId`, `Branch`) ON UPDATE CASCADE;

--
-- Constraints for table `std_placement_details`
--
ALTER TABLE `std_placement_details`
  ADD CONSTRAINT `Std_Company` FOREIGN KEY (`CompanyName`) REFERENCES `placement` (`CompanyName`) ON UPDATE CASCADE,
  ADD CONSTRAINT `std_placement` FOREIGN KEY (`RollNo`) REFERENCES `admission` (`RollNo`) ON UPDATE CASCADE;

--
-- Constraints for table `stu_bus`
--
ALTER TABLE `stu_bus`
  ADD CONSTRAINT `bus_bus` FOREIGN KEY (`BusNo`) REFERENCES `bus` (`BusNo`) ON UPDATE CASCADE,
  ADD CONSTRAINT `std_bus` FOREIGN KEY (`RollNo`) REFERENCES `admission` (`RollNo`) ON UPDATE CASCADE;

--
-- Constraints for table `stu_coe`
--
ALTER TABLE `stu_coe`
  ADD CONSTRAINT `coe_coe` FOREIGN KEY (`CourseId`,`Branch`) REFERENCES `coe` (`CourseId`, `Branch`) ON UPDATE CASCADE,
  ADD CONSTRAINT `student_coe` FOREIGN KEY (`RollNo`) REFERENCES `admission` (`RollNo`) ON UPDATE CASCADE;

--
-- Constraints for table `takesbook`
--
ALTER TABLE `takesbook`
  ADD CONSTRAINT `Lib_book` FOREIGN KEY (`BookId`) REFERENCES `library` (`BookId`) ON UPDATE CASCADE,
  ADD CONSTRAINT `std_books` FOREIGN KEY (`RollNo`) REFERENCES `admission` (`RollNo`) ON UPDATE CASCADE;
COMMIT;

/*!40101 SET CHARACTER_SET_CLIENT=@OLD_CHARACTER_SET_CLIENT */;
/*!40101 SET CHARACTER_SET_RESULTS=@OLD_CHARACTER_SET_RESULTS */;
/*!40101 SET COLLATION_CONNECTION=@OLD_COLLATION_CONNECTION */;
